user_input,retrieved_contexts,response,reference,faithfulness,answer_relevancy,context_recall,context_precision
What voltage and interface does the white LED module use?,"['**Specifications:**\n\n-   Control interface: Digital\n\n-   Operating voltage: DC 3.3-5V\n\n-   Pin pitch:2.54mm\n\n-   Emitting color: white', '**Specification:**\n\n-   Color: red, green and blue\n\n-   Brightness: High\n\n-   Voltage: 5V\n\n-   Input: digital level', '**Specification:**\n\n-   Supply Voltage: 3.3V to 5V\n\n-   Interface: Analog x2, Digital x1', '**Hardware Connection**\n\nConnect the negative pin of LED module to GND, positive pin to VCC (3.3-5V), Signal pin to digital pin 7.', '**Introduction:**\n\nThis is a full-color LED module, which contains 3 basic colors－red, green and blue. They can be seen as separate LED lights.\n\nAfter program, we can turn them on and off by sequence. We can also use PWM analog output to mix the three colors to generate different colors.']",The white LED module uses a DC 3.3-5V operating voltage and a digital interface.,It uses a digital interface and operates from 3.3 to 5 V.,1.0,0.9583642425856246,1.0,0.999999999975
"Using the wiring diagram, how should I connect the white LED module to the Arduino-compatible V4.0 board, and what should it do after the program is uploaded?","['**Component:** Keyestudio LED module connected to a Keyestudio Sensor Shield V5.2.\n\n**Purpose:** Demonstrates the wiring for the LED Flash project.\n\n**Connections:**\n*   **GND pin (-)** → **G pin (row 6)**: Ground connection.\n*   **VCC pin (+)** → **V pin (row 6)**: Voltage connection (3.3-5V).\n*   **Signal pin (S)** → **S pin (row 7)**: Digital signal connection.\n\n**Visible labels:** G, V, S, 7.\n\n**Uncertainty:** While the document specifies connecting the Signal pin to digital pin 7, the visual diagram shows the blue wire connected to the S pin of the header labeled ""6"" (or potentially ""7"" depending on alignment). Per the provided rules, the document instruction to connect to digital pin 7 is treated as authoritative despite the visual ambiguity of the wire endpoint.', '**Components Introduction:**\n\nThis is a special LED module. When you connect it to ARDUINO development board, after program, it can emit beautiful light. Of course, you can also control it using PWM. It will be like fireflies at night. Isn’t cool? We can also combine it with other sensors to do interesting interactive experiments.', '**For V4.0 connection:**\n\nStack the Sensor Shield V5 onto the V4.0 board, then connect the LED module.\n\n****', '**Hardware Connection**\n\nTo begin with, you need to prepare the following parts before connection:\n\n-   Control board \\* 1\n\n-   keyestudio Sensor Shield V5\\* 1\n\n-   USB Cable\\* 1\n\n-   RGB LED module \\* 1\n\n-   Dupont Line \\*4\n\nConnect the R pin of RGB module to Digital 10 of V4.0 board, connect the B pin to Digital 9, G pin to Digital 11, GND pin to ground port.', '**Description:**\n\nWhen learning the microcontroller, you may usually use three LEDs, namely red, green and yellow lights to simulate the traffic light blinking via external connection.\n\nThis time we specially design this module which is very convenient for wiring, and on the module you can see the red, yellow and green LED.\n\nThis traffic light module is fully compatible with Arduino microcontroller and Raspberry Pi system.']","To connect the white LED module, stack the Sensor Shield V5 onto the V4.0 board and make the following connections:
*   **GND pin (-)** to **G pin (row 6)**
*   **VCC pin (+)** to **V pin (row 6)**
*   **Signal pin (S)** to **S pin (row 7)**

After the program is uploaded, it will emit light (and can be controlled using PWM to look like fireflies).","Connect − to GND, + to 3.3–5 V, and S to D7. After upload, it should blink one second on and one second off repeatedly.",0.16666666666666666,0.8314163188759413,0.5,0.0
"Using the wiring diagram, which Arduino pins are used for the red, blue, and green channels of the RGB LED module?","['**Component:** Keyestudio Sensor Shield V5.2 and RGB LED module.\n\n**Purpose:** Demonstrates the wiring required to interface the RGB LED module with the digital I/O pins of the sensor shield.\n\n**Connections:**\n*   R pin → Digital 10 (Signal)\n*   B pin → Digital 9 (Signal)\n*   G pin → Digital 11 (Signal)\n*   V pin → V (Voltage - inferred from shield layout)\n*   GND pin → G (Ground - inferred from shield layout)\n\n**Conflict:** The provided document context specifies connecting the GND pin to a ""ground port,"" but the image shows a connection to the \'V\' row (Voltage) on the shield. Furthermore, the document specifies pins 9, 10, and 11, while the diagram displays wires to pins 9, 10, and 11, but the physical wire color mapping in the image is inconsistent with standard color-coding.\n\n**Visible labels:** keyestudio Sensor Shield V5.2, R, G, B, V, GND, 9, 10, 11.\n\n**Uncertainty:** The specific V and G pins on the module\'s target header are not explicitly labeled as ""GND"" or ""5V"" on the shield silkscreen; only the row headers are labeled G, V, and S.', '**Description:**\n\nWhen learning the microcontroller, you may usually use three LEDs, namely red, green and yellow lights to simulate the traffic light blinking via external connection.\n\nThis time we specially design this module which is very convenient for wiring, and on the module you can see the red, yellow and green LED.\n\nThis traffic light module is fully compatible with Arduino microcontroller and Raspberry Pi system.', '**Introduction:**\n\nThis is a full-color LED module, which contains 3 basic colors－red, green and blue. They can be seen as separate LED lights.\n\nAfter program, we can turn them on and off by sequence. We can also use PWM analog output to mix the three colors to generate different colors.', '**Specification:**\n\n-   Color: red, green and blue\n\n-   Brightness: High\n\n-   Voltage: 5V\n\n-   Input: digital level', '**Hardware Connection**\n\nTo begin with, you need to prepare the following parts before connection:\n\n-   Control board \\* 1\n\n-   keyestudio Sensor Shield V5\\* 1\n\n-   USB Cable\\* 1\n\n-   RGB LED module \\* 1\n\n-   Dupont Line \\*4\n\nConnect the R pin of RGB module to Digital 10 of V4.0 board, connect the B pin to Digital 9, G pin to Digital 11, GND pin to ground port.']","Based on the provided wiring diagram and context, the Arduino pins used are:

*   **Red (R):** Digital 10
*   **Blue (B):** Digital 9
*   **Green (G):** Digital 11","R goes to D10, B to D9, G to D11, and GND goes to ground.",1.0,0.7828655770966041,1.0,0.699999999965
"How can the RGB LED module create colors other than red, green, and blue?","['**Introduction:**\n\nThis is a full-color LED module, which contains 3 basic colors－red, green and blue. They can be seen as separate LED lights.\n\nAfter program, we can turn them on and off by sequence. We can also use PWM analog output to mix the three colors to generate different colors.', '**Specification:**\n\n-   Color: red, green and blue\n\n-   Brightness: High\n\n-   Voltage: 5V\n\n-   Input: digital level', '**Experiment Result:**\n\nYou can see the RGB LED flashing in various colors.', '**Description:**\n\nWhen learning the microcontroller, you may usually use three LEDs, namely red, green and yellow lights to simulate the traffic light blinking via external connection.\n\nThis time we specially design this module which is very convenient for wiring, and on the module you can see the red, yellow and green LED.\n\nThis traffic light module is fully compatible with Arduino microcontroller and Raspberry Pi system.', '**Hardware Connection**\n\nTo begin with, you need to prepare the following parts before connection:\n\n-   Control board \\* 1\n\n-   keyestudio Sensor Shield V5\\* 1\n\n-   USB Cable\\* 1\n\n-   RGB LED module \\* 1\n\n-   Dupont Line \\*4\n\nConnect the R pin of RGB module to Digital 10 of V4.0 board, connect the B pin to Digital 9, G pin to Digital 11, GND pin to ground port.']","The RGB LED module can create other colors by using PWM analog output to mix the three basic colors (red, green, and blue).","Use PWM to vary and mix the red, green, and blue channels.",1.0,0.9479642107945322,1.0,0.9999999999
"Using the wiring diagram, how are the red, yellow, and green pins of the traffic light module connected?","['**Description:**\n\nWhen learning the microcontroller, you may usually use three LEDs, namely red, green and yellow lights to simulate the traffic light blinking via external connection.\n\nThis time we specially design this module which is very convenient for wiring, and on the module you can see the red, yellow and green LED.\n\nThis traffic light module is fully compatible with Arduino microcontroller and Raspberry Pi system.', '**Component:** Keyestudio Sensor Shield V5.2 and Traffic Light module.\n\n**Purpose:** Demonstrates the wiring configuration for the Traffic Light project.\n\n**Connections:**\n- R pin → Digital 3 (S pin)\n- Y pin → Digital 4 (S pin)\n- G pin → Digital 5 (S pin)\n- GND pin → GND pin (header cluster 4-7)\n\n**Visible labels:** keyestudio Sensor Shield V5.2, TRAFFIC LIGHT, R, Y, G, GND, S, V, G, 0-13, A0-A5.\n\n**Uncertainty:** Conflict exists between the document text (""V4.0 board"") and the image (""Sensor Shield V5.2""). Document text specifies ""Digital 3, 4, 5"" for R, Y, G, which is reflected in the image. Pin connections for the Traffic Light module are confirmed via the document authoritative source.', '**Hardware Connection**\n\nFirst, you need to prepare the following parts before connection:\n\n-   Control board \\* 1\n\n-   keyestudio Sensor Shield V5\\* 1\n\n-   USB Cable\\* 1\n\n-   Traffic light module \\* 1\n\n-   Dupont Line \\*4\n\nConnect the R pin of module to Digital 3 of V4.0 board, connect the Y pin to Digital 4, G pin to Digital 5, GND pin to ground port.', '**Connection Diagram**\n\nFirstly you need to prepare the following parts.\n\n-   Control board \\* 1\n\n-   keyestudio Sensor Shield V5\\* 1\n\n-   USB Cable\\* 1\n\n-   Light cap module\\*2\n\n-   Dupont Line \\*8\n\nFor one light cap module, connect its Signal pin to Digital header 2, L pin to Digital pin 3. For another one, connect its Signal pin to Digital port 8, L pin to Digital 9.\n\nConnect the positive pin to anode row of breadboard, lead off the row to 5V port of V4.0 board; connect the negative pin to cathode row, lead off the row to ground port.', '**Example Result**\n\nWiring well and uploading the above code, you can rotate the encoder module to turn two LEDs on the traffic light module on and off.']","Based on the provided contexts, the R pin is connected to Digital 3 (S pin), the Y pin to Digital 4 (S pin), and the G pin to Digital 5 (S pin).","Connect red to D3, yellow to D4, green to D5, and GND to ground.",1.0,0.7409683925770626,1.0,0.5833333333041666
What are the electrical interface and operating-voltage range of the traffic light module?,"['**Specifications:**\n\n-   Working Voltage: 3.3-5V\n\n-   Interface Type: digital\n\n-   Pin Pitch: 2.54mm', '**Description:**\n\nWhen learning the microcontroller, you may usually use three LEDs, namely red, green and yellow lights to simulate the traffic light blinking via external connection.\n\nThis time we specially design this module which is very convenient for wiring, and on the module you can see the red, yellow and green LED.\n\nThis traffic light module is fully compatible with Arduino microcontroller and Raspberry Pi system.', '**Component:** Keyestudio Sensor Shield V5.2 and Traffic Light module.\n\n**Purpose:** Demonstrates the wiring configuration for the Traffic Light project.\n\n**Connections:**\n- R pin → Digital 3 (S pin)\n- Y pin → Digital 4 (S pin)\n- G pin → Digital 5 (S pin)\n- GND pin → GND pin (header cluster 4-7)\n\n**Visible labels:** keyestudio Sensor Shield V5.2, TRAFFIC LIGHT, R, Y, G, GND, S, V, G, 0-13, A0-A5.\n\n**Uncertainty:** Conflict exists between the document text (""V4.0 board"") and the image (""Sensor Shield V5.2""). Document text specifies ""Digital 3, 4, 5"" for R, Y, G, which is reflected in the image. Pin connections for the Traffic Light module are confirmed via the document authoritative source.', '**Hardware Connection**\n\nFirst, you need to prepare the following parts before connection:\n\n-   Control board \\* 1\n\n-   keyestudio Sensor Shield V5\\* 1\n\n-   USB Cable\\* 1\n\n-   Traffic light module \\* 1\n\n-   Dupont Line \\*4\n\nConnect the R pin of module to Digital 3 of V4.0 board, connect the Y pin to Digital 4, G pin to Digital 5, GND pin to ground port.', '**Example Result**\n\nWiring well and uploading the above code, you can rotate the encoder module to turn two LEDs on the traffic light module on and off.']","The electrical interface is digital, and the operating-voltage range is 3.3-5V.",It uses a digital interface and works from 3.3 to 5 V.,1.0,0.8250453339906905,1.0,0.8333333332916666
How does the momentary push button behave when it is pressed and released?,"['**Momentary Push button Switch**\n\nThis is a common component for controlling electronic devices. It is mostly used to connect or cut off control circuit so that it can achieve motor or other electronic equipment control.\n\nMomentary Pushbutton Switch usually stays open. When it is pressed down, circuit connected; when it is released, it will bounce back to the status of disconnection.\n\n\n\nMomentary Pushbutton Switch has 4 footers which can be divided into 2 groups:\nfooter 1 short connected with footer 2, footer 3 short connected with footer 4.', '**Think:**\n\nIf we want to connect more an LED module, light an LED when press down the button, and turn off LED when release the button, then how to program? You can have a try.', '**Sample Code:**\n\n<iframe src=https://create.arduino.cc/editor/keyestudio/19f196e9-d581-47e9-93d5-21291539b6e7/preview?embed style=""height:510px;width:100%;margin:10px 0"" frameborder=0></iframe>\n\n\n**Experiment\nResult:**\n\nDone uploading the code, powered up, when you push the digital button, the Led 13 on V4.0 board will be on. When release the button, the led is off. Shown as below.', '**Introduction:**\n\nThis is a basic application module integrated with a push button. You can simply plug it into an IO shield to have your first taste of Arduino.', '## Project 4: Push Button']","When pressed, the circuit is connected; when released, it bounces back to a disconnected state.","It is normally open: pressing closes the circuit, and releasing opens it again.",1.0,0.7099442786371296,1.0,0.8333333332916666
What should happen to the Arduino board's LED 13 when the button is pressed and released?,"['**Sample Code:**\n\n<iframe src=https://create.arduino.cc/editor/keyestudio/19f196e9-d581-47e9-93d5-21291539b6e7/preview?embed style=""height:510px;width:100%;margin:10px 0"" frameborder=0></iframe>\n\n\n**Experiment\nResult:**\n\nDone uploading the code, powered up, when you push the digital button, the Led 13 on V4.0 board will be on. When release the button, the led is off. Shown as below.', '**Hardware Connection**\n\nTo begin with, you need to prepare the following parts:\n\n-   Control board \\* 1\n\n-   keyestudio Sensor Shield V5\\* 1\n\n-   USB Cable\\* 1\n\n-   Crash module \\* 1\n\n-   Dupont Line \\*3\n\n**Note:** You can make a collision flasher using collision module and built-in LED on interface 13. Connect the collision sensor to Digital pin 3.\n\nWhen the crash sensor senses a collision signal, the LEDs on both Arduino board and crash sensor will light up simultaneously.', '**Example Result:**\n\nUpload the code to the board.\n\nWhen an object crashes the switch of sensor, both the led on the sensor and led 13 on the V4.0 board are turned on.', ""1 The Board\n1.1 Application Examples\nThe UNO board is the flagship product of Arduino. Regardless if you are new to the world of electronics or will use\nthe UNO R3 as a tool for education purposes or industry-related tasks, the UNO R3 is likely to meet your needs.\nFirst entry to electronics: If this is your first project within coding and electronics, get started with our most used\nand documented board; UNO. It is equipped with the well-known ATmega328P processor, 14 digital input/output\npins, 6 analog inputs, USB connections, ICSP header and reset button. This board includes everything you will need\nfor a great first experience with Arduino.\nIndustry-standard development board: Using the UNO R3 board in industries, there are a range of companies\nusing the UNO R3 board as the brain for their PLC’s.\nEducation purposes: Although the UNO R3 board has been with us for about ten years, it is still widely used for\nvarious education purposes and scientific projects. The board's high standard and top quality performance makes it\na great resource to capture real time from sensors and to trigger complex laboratory equipment to mention a few\nexamples.\n1.2 Related Products\nArduino Starter Kit\nArduino UNO R4 Minima\nArduino UNO R4 WiFi\nTinkerkit Braccio Robot\nArduino® UNO R3\n5 / 26\nArduino® UNO R3\nModified: 17/07/2026"", '**Think:**\n\nIf we want to connect more an LED module, light an LED when press down the button, and turn off LED when release the button, then how to program? You can have a try.']","When the button is pressed, the LED 13 will be on; when the button is released, the LED is off.",LED 13 should turn on while the button is pressed and turn off when it is released.,1.0,0.9356867492056592,1.0,0.699999999965
Why does the passive buzzer require pulses from the Arduino?,"['**Introduction:**\n\nWe can use Arduino to make many interactive works of which the most commonly used is acoustic-optic display.\n\nAll the previous experiment has something to do with LED. However, the circuit in this experiment can produce sound. Normally, the experiment is done with a buzzer or a speaker while buzzer is simpler and easier to use.\n\nThe buzzer we introduced here is a passive buzzer. It cannot be actuated by itself, but by external pulse frequencies. Different frequencies produce different sounds. We can use Arduino to code the melody of a song, which is quite fun and simple.', '6.3 Conflict Minerals Declaration\nAs a global supplier of electronic and electrical components, Arduino is aware of our obligations with regards to\nlaws and regulations regarding Conflict Minerals, specifically the Dodd-Frank Wall Street Reform and Consumer\nProtection Act, Section 1502. Arduino does not directly source or process conflict minerals such as Tin, Tantalum,\nTungsten, or Gold. Conflict minerals are contained in our products in the form of solder, or as a component in metal\nalloys. As part of our reasonable due diligence Arduino has contacted component suppliers within our supply chain\nto verify their continued compliance with the regulations. Based on the information received thus far we declare\nthat our products contain Conflict Minerals sourced from conflict-free areas.\n7 FCC Caution\nAny Changes or modifications not expressly approved by the party responsible for compliance could void the user’s\nauthority to operate the equipment.\nThis device complies with part 15 of the FCC Rules. Operation is subject to the following two conditions:\n(1) This device may not cause harmful interference\n(2) this device must accept any interference received, including interference that may cause undesired operation.\nFCC RF Radiation Exposure Statement:\n1. This Transmitter must not be co-located or operating in conjunction with any other antenna or transmitter.\n2. This equipment complies with RF radiation exposure limits set forth for an uncontrolled environment.\n3. This equipment should be installed and operated with minimum distance 20cm between the radiator & your\nbody.\nEnglish: User manuals for license-exempt radio apparatus shall contain the following or equivalent notice in a\nconspicuous location in the user manual or alternatively on the device or both. This device complies with Industry\nCanada license-exempt RSS standard(s). Operation is subject to the following two conditions:\n(1) this device may not cause interference\n(2) this device must accept any interference, including interference that may cause undesired operation of the\ndevice.\nFrench: Le présent appareil est conforme aux CNR d’Industrie Canada applicables aux appareils radio exempts de\nlicence. L’exploitation est autorisée aux deux conditions suivantes :\n(1) l’ appareil nedoit pas produire de brouillage\n(2) l’utilisateur de l’appareil doit accepter tout brouillage radioélectrique subi, même si le brouillage est susceptible\nd’en compromettre le fonctionnement.\nIC SAR Warning:\nEnglish This equipment should be installed and operated with minimum distance 20 cm between the radiator and\nyour body.\nArduino® UNO R3\n14 / 26\nArduino® UNO R3\nModified: 17/07/2026', '**Hardware Connection**\n\nTo begin with, you need to prepare the following parts:\n\n-   Control board \\* 1\n\n-   keyestudio Sensor Shield V5\\* 1\n\n-   USB Cable\\* 1\n\n-   Passive buzzer module \\* 1\n\n-   Dupont Line \\*3', '**Introduction:**\n\nAnalog Sound Sensor is typically used in detecting the loudness in ambient environment. The Arduino can collect its output signal by imitating the input interface. The sensor comes with a potentiometer, so that you can adjust the sensitivity. You can use it to make some interesting interactive works, such as a voice operated switch.', '**Introduction:**\n\nPyroelectric infrared motion sensor can detect infrared signals from a moving person or moving animal, and output switching signals.\n\nIt can be applied to a variety of occasions to detect the movement of human body.\n\nConventional pyroelectric infrared sensors require body pyroelectric infrared detector, professional chip, complex peripheral circuit, so the size is bigger, with complex circuit, and lower reliability.\n\n\n\nNow we launch this new pyroelectric infrared motion sensor, specially designed for Arduino.\n\nIt uses an integrated digital body pyroelectric infrared sensor, has smaller size, higher reliability, lower power consumption and simple peripheral circuit.']",The passive buzzer requires pulses because it cannot be actuated by itself.,"Because it has no internal oscillator. The Arduino must supply pulses, and changing the pulse frequency changes the sound.",1.0,0.953913412671023,1.0,0.9999999999
What voltage and interface type does the passive buzzer module use?,"['**Specification:**\n\n-   Working voltage: 3.3-5v\n\n-   Interface type: digital', '**Introduction:**\n\nWe can use Arduino to make many interactive works of which the most commonly used is acoustic-optic display.\n\nAll the previous experiment has something to do with LED. However, the circuit in this experiment can produce sound. Normally, the experiment is done with a buzzer or a speaker while buzzer is simpler and easier to use.\n\nThe buzzer we introduced here is a passive buzzer. It cannot be actuated by itself, but by external pulse frequencies. Different frequencies produce different sounds. We can use Arduino to code the melody of a song, which is quite fun and simple.', '**Hardware Connection**\n\nTo begin with, you need to prepare the following parts:\n\n-   Control board \\* 1\n\n-   keyestudio Sensor Shield V5\\* 1\n\n-   USB Cable\\* 1\n\n-   Passive buzzer module \\* 1\n\n-   Dupont Line \\*3', '# 2. Kit List \n\n**(Note: KS0399 kit with no board; KS0400 kit with V4.0 R3; KS0401 with 2560 MEGA R3)**\n\n| **No.** | **Item**                                                     | **Quantity** | **Picture**                                                  |\n| ------- | ------------------------------------------------------------ | ------------ | ------------------------------------------------------------ |\n| 1       | White LED module                                             | 1            |  |\n| 2       | RGB LED module                                               | 1            |  |\n| 3       | Traffic light module                                         | 1            |               |\n| 4       | Button switch module                                         | 1            |               |\n| 5       | Passive buzzer module                                        | 1            |               |\n| 6       | Capacitive touch module                                      | 1            |               |\n| 7       | Crash sensor                                                 | 1            |               |\n| 8       | Knock sensor                                                 | 1            |               |\n| 9       | Photo interrupter module                                     | 1            |               |\n| 10      | Ball Tilt switch sensor                                      | 1            |               |\n| 11      | PIR motion sensor                                            | 1            |  |\n| 12      | Reed switch module                                           | 1            |  |\n| 13      | Hall magnetic sensor                                         | 1            |               |\n| 14      | Line tracking sensor                                         | 1            |                                        |\n| 15      | Flame Sensor                                                 | 1            |                                        |\n| 16      | Obstacle avoidance sensor                                    | 1            |               |\n| 17      | Photo-resistor sensor                                        | 1            |  |\n| 18      | Microphone sound sensor                                      | 1            |  |\n| 19      | Rotary encoder sensor                                        | 1            |               |\n| 20      | MQ2 gas sensor                                               | 1            |               |\n| 21      | Steam sensor                                                 | 1            |               |\n| 22      | TEMT 6000 sensor                                             | 1            |              |\n| 23      | LM35 temperature sensor                                      | 1            |               |\n| 24      | DHT11 Temperature and Humidity Sensor                        | 1            |  |\n| 25      | Magical light cup module                                     | 2            |               |\n| 26      | IR receiver module                                           | 1            |               |\n| 27      | IR transmitter module                                        | 1            |               |\n| 28      | Ceramic vibration sensor                                     | 1            |               |\n| 29      | GUVA-S12SD 3528 Ultraviolet Sensor                           | 1            |               |\n| 30      | MMA8452Q Module Acceleration Tilt Sensor                     | 1            |               |\n| 31      | TMD27713 sensor ALS Infrared LED Optical Proximity Detection Module | 1            |               |\n| 32      | APDS-9930 Attitude Sensor Module                             | 1            |               |\n| 33      | Potentiometer sensor                                         | 1            |  |\n| 34      | DS3231 Clock module                                          | 1            |  |\n| 35      | Joystick module                                              | 1            |               |\n| 36      | Single relay module                                          | 1            |  |\n| 37      | HC-SR04 ultrasonic sensor                                    | 1            |  |', '## Project 5: Passive Buzzer']",The passive buzzer module uses a working voltage of 3.3-5V and a digital interface type.,It operates from 3.3 to 5 V and uses a digital interface.,1.0,0.9741081150215201,1.0,0.9999999999
Can the capacitive touch sensor detect a touch through cloth or paper?,"['**Introduction:**\n\nAre you tired of clicking mechanic button? Well, try our capacitive touch sensor. We can find touch sensors mostly on electronic device. So upgrade your Arduino Project with our new version touch sensor and make it cool!!\n\nThis little sensor can ""feel"" people and metal touch and feedback a high/low voltage level. Even isolated by some cloth and paper, it can still feel the touch. Its sensitivity decrease as isolation layer gets thicker.', '**Think:**\n\nIf we want to connect more an LED module, light an LED when touch the sensor, and turn off LED when not touch the sensor, then how to program?', '**Experiment Result:**\n\nDone wiring and powered up, upload well the code, then touch the sensor with your finger, both D2 led on the sensor and D13 indicator on V4.0 board are on. Otherwise, those two indicators are turned off.', '**Hardware Connection**\n\nTo begin with, you need to prepare the following parts:\n\n-   Control board \\* 1\n\n-   keyestudio Sensor Shield V5\\* 1\n\n-   USB Cable\\* 1\n\n-   Capacitive touch sensor module \\* 1\n\n-   Dupont Line \\*3', '## Project 6: Capacitive Touch\n\n****']","Yes, the capacitive touch sensor can detect a touch through cloth and paper, though its sensitivity decreases as the isolation layer gets thicker.","Yes, it can detect through thin cloth or paper, although sensitivity decreases as the layer gets thicker.",1.0,0.9546777486072161,1.0,0.9999999999
Which indicators turn on when the capacitive touch sensor is touched?,"['**Experiment Result:**\n\nDone wiring and powered up, upload well the code, then touch the sensor with your finger, both D2 led on the sensor and D13 indicator on V4.0 board are on. Otherwise, those two indicators are turned off.', '**Think:**\n\nIf we want to connect more an LED module, light an LED when touch the sensor, and turn off LED when not touch the sensor, then how to program?', '**Introduction:**\n\nAre you tired of clicking mechanic button? Well, try our capacitive touch sensor. We can find touch sensors mostly on electronic device. So upgrade your Arduino Project with our new version touch sensor and make it cool!!\n\nThis little sensor can ""feel"" people and metal touch and feedback a high/low voltage level. Even isolated by some cloth and paper, it can still feel the touch. Its sensitivity decrease as isolation layer gets thicker.', '**Hardware Connection**\n\nTo begin with, you need to prepare the following parts:\n\n-   Control board \\* 1\n\n-   keyestudio Sensor Shield V5\\* 1\n\n-   USB Cable\\* 1\n\n-   Capacitive touch sensor module \\* 1\n\n-   Dupont Line \\*3', '## Project 6: Capacitive Touch\n\n****']",The D2 LED on the sensor and the D13 indicator on the V4.0 board turn on when the sensor is touched.,The sensor's D2 LED and the board's D13 indicator turn on.,1.0,0.8442702559501326,1.0,0.9999999999
What signal level does the crash sensor output during a collision and when there is no collision?,"['**Details:**\n\n1\\. If collision happens upfront of where collision module is installed, module outputs low level signal; no collision, outputs high level signal.\n\n2\\. Module reserves M3 mounting hole, convenient for fixation on a car.\n\n3\\. With switch indicator light, if there is collision, light is on; no collision, light is off.', '**Hardware Connection**\n\nTo begin with, you need to prepare the following parts:\n\n-   Control board \\* 1\n\n-   keyestudio Sensor Shield V5\\* 1\n\n-   USB Cable\\* 1\n\n-   Crash module \\* 1\n\n-   Dupont Line \\*3\n\n**Note:** You can make a collision flasher using collision module and built-in LED on interface 13. Connect the collision sensor to Digital pin 3.\n\nWhen the crash sensor senses a collision signal, the LEDs on both Arduino board and crash sensor will light up simultaneously.', '**Example Result:**\n\nUpload the code to the board.\n\nWhen an object crashes the switch of sensor, both the led on the sensor and led 13 on the V4.0 board are turned on.', '**Description:**\n\nCrash sensor, also known as electronic switch, is a digital on-off input module necessary for elementary electronic learning. By programming, it can realize to control over light, sound device, key choice function of LCD display, etc.\n\nYou can install the sensor to 4WD mobile robot platform to realize crash detection function. It is indeed convenient and efficient.', '**Pins definition:**\n\n-   **Positive pin (+):** connect to 3v-12v power supply\n\n-   **Negative pin (-):** connect to GND\n\n-   **Signal pin (S):** connect to High-Low level output']","During a collision, the sensor outputs a low level signal; when there is no collision, it outputs a high level signal.",It outputs LOW during a collision and HIGH when there is no collision.,1.0,0.8571842175174232,1.0,0.9999999999
How is the crash sensor used in the example collision flasher?,"['**Example Result:**\n\nUpload the code to the board.\n\nWhen an object crashes the switch of sensor, both the led on the sensor and led 13 on the V4.0 board are turned on.', '**Hardware Connection**\n\nTo begin with, you need to prepare the following parts:\n\n-   Control board \\* 1\n\n-   keyestudio Sensor Shield V5\\* 1\n\n-   USB Cable\\* 1\n\n-   Crash module \\* 1\n\n-   Dupont Line \\*3\n\n**Note:** You can make a collision flasher using collision module and built-in LED on interface 13. Connect the collision sensor to Digital pin 3.\n\nWhen the crash sensor senses a collision signal, the LEDs on both Arduino board and crash sensor will light up simultaneously.', '**Description:**\n\nCrash sensor, also known as electronic switch, is a digital on-off input module necessary for elementary electronic learning. By programming, it can realize to control over light, sound device, key choice function of LCD display, etc.\n\nYou can install the sensor to 4WD mobile robot platform to realize crash detection function. It is indeed convenient and efficient.', '**Details:**\n\n1\\. If collision happens upfront of where collision module is installed, module outputs low level signal; no collision, outputs high level signal.\n\n2\\. Module reserves M3 mounting hole, convenient for fixation on a car.\n\n3\\. With switch indicator light, if there is collision, light is on; no collision, light is off.', '**Example Result:**\n\nUpload the code to the board.\n\nWhen the sensor detects a knock signal, both the led on the sensor and led 13 on the V4.0 board are turned on.']",The crash sensor is used to trigger both the LED on the sensor and the LED on interface 13 of the board to light up simultaneously when a collision is sensed.,"Connect its signal to D3. On collision, both the sensor LED and the Arduino LED 13 light up.",1.0,0.8519998749637567,1.0,0.49999999995
"What kind of signal does the knock sensor produce, and what is its working voltage?","['**Introduction:**\n\nThis is a knock sensor module. When you knock it, it can send a momentary signal. We can combine it with Arduino to make some interesting experiment, e.g. electronic drum.\n\nNote: the working voltage of this module is 5V.', '**Example Result:**\n\nUpload the code to the board.\n\nWhen the sensor detects a knock signal, both the led on the sensor and led 13 on the V4.0 board are turned on.', '**Think:**\n\nIf not easy to see the test result, you can connect an external LED module. Light an LED when knock the sensor, then how to program? Think about it.', '**Hardware Connection**\n\nTo begin with, you need to prepare the following parts:\n\n-   Control board \\* 1\n\n-   keyestudio Sensor Shield V5\\* 1\n\n-   USB Cable\\* 1\n\n-   Knock sensor module \\* 1\n\n-   Dupont Line \\*3\n\nConnect the S pin to digital 3, negative pin to GND port, positive pin to 5V port.', '**Specification:**\n\n-   Interface type: analog\n\n-   Working voltage: 5V']","The knock sensor produces a momentary signal, and its working voltage is 5V.",It sends a momentary signal when knocked and operates at 5 V.,1.0,0.960279342649064,1.0,0.699999999965
