user_input,retrieved_contexts,response,reference,faithfulness,answer_relevancy,context_precision,context_recall
What voltage and interface does the white LED module use?,"['**Specifications:**\n\n-   Control interface: Digital\n\n-   Operating voltage: DC 3.3-5V\n\n-   Pin pitch:2.54mm\n\n-   Emitting color: white', '**Introduction:**\n\nThis is a full-color LED module, which contains 3 basic colors－red, green and blue. They can be seen as separate LED lights.\n\nAfter program, we can turn them on and off by sequence. We can also use PWM analog output to mix the three colors to generate different colors.', '**Specifications:**\n\n-   Working Voltage: 3.3-5V\n\n-   Interface Type: digital\n\n-   Pin Pitch: 2.54mm', '**Components Introduction:**\n\nThis is a special LED module. When you connect it to ARDUINO development board, after program, it can emit beautiful light. Of course, you can also control it using PWM. It will be like fireflies at night. Isn’t cool? We can also combine it with other sensors to do interesting interactive experiments.', '**For Mega 2560 connection:**\n\nStack the Sensor Shield V1.0 onto the Mega 2560 board, then connect the LED module.\n\n****']",The white LED module uses a digital interface and an operating voltage of DC 3.3-5V.,It uses a digital interface and operates from 3.3 to 5 V.,1.0,0.899223013681851,0.8333333332916666,1.0
"Using the wiring diagram, how should I connect the white LED module to the Arduino-compatible V4.0 board, and what should it do after the program is uploaded?","['**Components Introduction:**\n\nThis is a special LED module. When you connect it to ARDUINO development board, after program, it can emit beautiful light. Of course, you can also control it using PWM. It will be like fireflies at night. Isn’t cool? We can also combine it with other sensors to do interesting interactive experiments.', '**For V4.0 connection:**\n\nStack the Sensor Shield V5 onto the V4.0 board, then connect the LED module.\n\n****', '**For Mega 2560 connection:**\n\nStack the Sensor Shield V1.0 onto the Mega 2560 board, then connect the LED module.\n\n****', '**Description:**\n\nWhen learning the microcontroller, you may usually use three LEDs, namely red, green and yellow lights to simulate the traffic light blinking via external connection.\n\nThis time we specially design this module which is very convenient for wiring, and on the module you can see the red, yellow and green LED.\n\nThis traffic light module is fully compatible with Arduino microcontroller and Raspberry Pi system.', '**Example Result**\n\nWire it up and upload well the code to board, you will see that D13 indicator on V4.0 board is off, and led on the module is also off.\n\nBut if put a magnetic ball close to the hall module, you will see the D13 indicator on V4.0 board is turned on, and led on the module is also turned on.']","To connect the LED module to the V4.0 board, stack the Sensor Shield V5 onto the board and connect the LED module to it. After the code is uploaded, the D13 indicator on the V4.0 board and the LED on the module will both be off (unless a magnetic ball is brought close to the hall module).","Connect − to GND, + to 3.3–5 V, and S to D7. After upload, it should blink one second on and one second off repeatedly.",0.8,0.8008259386004783,0.0,0.0
"Using the wiring diagram, which Arduino pins are used for the red, blue, and green channels of the RGB LED module?","['**Description:**\n\nWhen learning the microcontroller, you may usually use three LEDs, namely red, green and yellow lights to simulate the traffic light blinking via external connection.\n\nThis time we specially design this module which is very convenient for wiring, and on the module you can see the red, yellow and green LED.\n\nThis traffic light module is fully compatible with Arduino microcontroller and Raspberry Pi system.', '**Introduction:**\n\nThis is a full-color LED module, which contains 3 basic colors－red, green and blue. They can be seen as separate LED lights.\n\nAfter program, we can turn them on and off by sequence. We can also use PWM analog output to mix the three colors to generate different colors.', '**Specification:**\n\n-   Color: red, green and blue\n\n-   Brightness: High\n\n-   Voltage: 5V\n\n-   Input: digital level', '**Hardware Connection**\n\nTo begin with, you need to prepare the following parts before connection:\n\n-   Control board \\* 1\n\n-   keyestudio Sensor Shield V5\\* 1\n\n-   USB Cable\\* 1\n\n-   RGB LED module \\* 1\n\n-   Dupont Line \\*4\n\nConnect the R pin of RGB module to Digital 10 of V4.0 board, connect the B pin to Digital 9, G pin to Digital 11, GND pin to ground port.', '**Hardware Connection**\n\nConnect the negative pin of LED module to GND, positive pin to VCC (3.3-5V), Signal pin to digital pin 7.']","The red channel is connected to Digital 10, the blue channel to Digital 9, and the green channel to Digital 11.","R goes to D10, B to D9, G to D11, and GND goes to ground.",1.0,0.7265181673299493,0.249999999975,1.0
"How can the RGB LED module create colors other than red, green, and blue?","['**Introduction:**\n\nThis is a full-color LED module, which contains 3 basic colors－red, green and blue. They can be seen as separate LED lights.\n\nAfter program, we can turn them on and off by sequence. We can also use PWM analog output to mix the three colors to generate different colors.', '**Specification:**\n\n-   Color: red, green and blue\n\n-   Brightness: High\n\n-   Voltage: 5V\n\n-   Input: digital level', '**Experiment Result:**\n\nYou can see the RGB LED flashing in various colors.', '**Description:**\n\nWhen learning the microcontroller, you may usually use three LEDs, namely red, green and yellow lights to simulate the traffic light blinking via external connection.\n\nThis time we specially design this module which is very convenient for wiring, and on the module you can see the red, yellow and green LED.\n\nThis traffic light module is fully compatible with Arduino microcontroller and Raspberry Pi system.', '**Hardware Connection**\n\nTo begin with, you need to prepare the following parts before connection:\n\n-   Control board \\* 1\n\n-   keyestudio Sensor Shield V5\\* 1\n\n-   USB Cable\\* 1\n\n-   RGB LED module \\* 1\n\n-   Dupont Line \\*4\n\nConnect the R pin of RGB module to Digital 10 of V4.0 board, connect the B pin to Digital 9, G pin to Digital 11, GND pin to ground port.']","The RGB LED module can create other colors by using PWM analog output to mix the red, green, and blue colors.","Use PWM to vary and mix the red, green, and blue channels.",0.6666666666666666,0.9479642107945322,0.9999999999,1.0
"Using the wiring diagram, how are the red, yellow, and green pins of the traffic light module connected?","['**Description:**\n\nWhen learning the microcontroller, you may usually use three LEDs, namely red, green and yellow lights to simulate the traffic light blinking via external connection.\n\nThis time we specially design this module which is very convenient for wiring, and on the module you can see the red, yellow and green LED.\n\nThis traffic light module is fully compatible with Arduino microcontroller and Raspberry Pi system.', '**Hardware Connection**\n\nFirst, you need to prepare the following parts before connection:\n\n-   Control board \\* 1\n\n-   keyestudio Sensor Shield V5\\* 1\n\n-   USB Cable\\* 1\n\n-   Traffic light module \\* 1\n\n-   Dupont Line \\*4\n\nConnect the R pin of module to Digital 3 of V4.0 board, connect the Y pin to Digital 4, G pin to Digital 5, GND pin to ground port.', '**Connection Diagram**\n\nFirstly you need to prepare the following parts.\n\n-   Control board \\* 1\n\n-   keyestudio Sensor Shield V5\\* 1\n\n-   USB Cable\\* 1\n\n-   Light cap module\\*2\n\n-   Dupont Line \\*8\n\nFor one light cap module, connect its Signal pin to Digital header 2, L pin to Digital pin 3. For another one, connect its Signal pin to Digital port 8, L pin to Digital 9.\n\nConnect the positive pin to anode row of breadboard, lead off the row to 5V port of V4.0 board; connect the negative pin to cathode row, lead off the row to ground port.', '**Example Result**\n\nWiring well and uploading the above code, you can rotate the encoder module to turn two LEDs on the traffic light module on and off.', '**Introduction:**\n\nThis is a full-color LED module, which contains 3 basic colors－red, green and blue. They can be seen as separate LED lights.\n\nAfter program, we can turn them on and off by sequence. We can also use PWM analog output to mix the three colors to generate different colors.']","The R pin is connected to Digital 3, the Y pin to Digital 4, and the G pin to Digital 5.","Connect red to D3, yellow to D4, green to D5, and GND to ground.",1.0,0.7315519456959964,0.49999999995,1.0
What are the electrical interface and operating-voltage range of the traffic light module?,"['**Description:**\n\nWhen learning the microcontroller, you may usually use three LEDs, namely red, green and yellow lights to simulate the traffic light blinking via external connection.\n\nThis time we specially design this module which is very convenient for wiring, and on the module you can see the red, yellow and green LED.\n\nThis traffic light module is fully compatible with Arduino microcontroller and Raspberry Pi system.', '**Hardware Connection**\n\nFirst, you need to prepare the following parts before connection:\n\n-   Control board \\* 1\n\n-   keyestudio Sensor Shield V5\\* 1\n\n-   USB Cable\\* 1\n\n-   Traffic light module \\* 1\n\n-   Dupont Line \\*4\n\nConnect the R pin of module to Digital 3 of V4.0 board, connect the Y pin to Digital 4, G pin to Digital 5, GND pin to ground port.', '**Example Result**\n\nWiring well and uploading the above code, you can rotate the encoder module to turn two LEDs on the traffic light module on and off.', '**Experiment Result:**\n\nDone uploading the code, powered up, three LEDs on the module will automatically simulate the traffic light on and off, alternatively.', '**Hardware Connection**\n\nTo begin with, you need to prepare the following parts:\n\n-   Control board \\* 1\n\n-   keyestudio Sensor Shield V5\\* 1\n\n-   USB Cable\\* 1\n\n-   Rotary encoder sensor\\*1\n\n-   Traffic light module\\*1\n\n-   Dupont Line \\*8']",I do not know.,It uses a digital interface and works from 3.3 to 5 V.,0.0,0.0,0.0,0.0
How does the momentary push button behave when it is pressed and released?,"['**Momentary Push button Switch**\n\nThis is a common component for controlling electronic devices. It is mostly used to connect or cut off control circuit so that it can achieve motor or other electronic equipment control.\n\nMomentary Pushbutton Switch usually stays open. When it is pressed down, circuit connected; when it is released, it will bounce back to the status of disconnection.\n\n\n\nMomentary Pushbutton Switch has 4 footers which can be divided into 2 groups:\nfooter 1 short connected with footer 2, footer 3 short connected with footer 4.', '**Think:**\n\nIf we want to connect more an LED module, light an LED when press down the button, and turn off LED when release the button, then how to program? You can have a try.', '**Sample Code:**\n\n<iframe src=https://create.arduino.cc/editor/keyestudio/19f196e9-d581-47e9-93d5-21291539b6e7/preview?embed style=""height:510px;width:100%;margin:10px 0"" frameborder=0></iframe>\n\n\n**Experiment\nResult:**\n\nDone uploading the code, powered up, when you push the digital button, the Led 13 on V4.0 board will be on. When release the button, the led is off. Shown as below.', '## Project 4: Push Button', '**Introduction:**\n\nThis is a knock sensor module. When you knock it, it can send a momentary signal. We can combine it with Arduino to make some interesting experiment, e.g. electronic drum.\n\nNote: the working voltage of this module is 5V.']","When pressed, the circuit is connected; when released, it bounces back to the status of disconnection.","It is normally open: pressing closes the circuit, and releasing opens it again.",1.0,0.8066959986656602,0.8333333332916666,1.0
What should happen to the Arduino board's LED 13 when the button is pressed and released?,"['**Sample Code:**\n\n<iframe src=https://create.arduino.cc/editor/keyestudio/19f196e9-d581-47e9-93d5-21291539b6e7/preview?embed style=""height:510px;width:100%;margin:10px 0"" frameborder=0></iframe>\n\n\n**Experiment\nResult:**\n\nDone uploading the code, powered up, when you push the digital button, the Led 13 on V4.0 board will be on. When release the button, the led is off. Shown as below.', '**Example Result:**\n\nUpload the code to the board.\n\nWhen an object crashes the switch of sensor, both the led on the sensor and led 13 on the V4.0 board are turned on.', '**Example Result:**\n\nUpload the code to the board.\n\nWhen the sensor detects a knock signal, both the led on the sensor and led 13 on the V4.0 board are turned on.', '**Think:**\n\nIf we want to connect more an LED module, light an LED when press down the button, and turn off LED when release the button, then how to program? You can have a try.', '**Introduction:**\n\nLED has wide applications. Most signal lights we saw in our daily life use LED as its major light source. In today’s experiment, we are going to use Arduino to make LED module flashing.']","When the button is pressed, the LED 13 will be on; when the button is released, the LED will be off.",LED 13 should turn on while the button is pressed and turn off when it is released.,1.0,0.9356867492056592,0.9166666666361112,1.0
Why does the passive buzzer require pulses from the Arduino?,"['**Introduction:**\n\nWe can use Arduino to make many interactive works of which the most commonly used is acoustic-optic display.\n\nAll the previous experiment has something to do with LED. However, the circuit in this experiment can produce sound. Normally, the experiment is done with a buzzer or a speaker while buzzer is simpler and easier to use.\n\nThe buzzer we introduced here is a passive buzzer. It cannot be actuated by itself, but by external pulse frequencies. Different frequencies produce different sounds. We can use Arduino to code the melody of a song, which is quite fun and simple.', '**Hardware Connection**\n\nTo begin with, you need to prepare the following parts:\n\n-   Control board \\* 1\n\n-   keyestudio Sensor Shield V5\\* 1\n\n-   USB Cable\\* 1\n\n-   Passive buzzer module \\* 1\n\n-   Dupont Line \\*3', '**Introduction:**\n\nThis is a knock sensor module. When you knock it, it can send a momentary signal. We can combine it with Arduino to make some interesting experiment, e.g. electronic drum.\n\nNote: the working voltage of this module is 5V.', '**Experiment Result:**\n\nAfter downloading the program, buzzer experiment is complete. You should hear the buzzer ringing.', '**Introduction:**\n\nPyroelectric infrared motion sensor can detect infrared signals from a moving person or moving animal, and output switching signals.\n\nIt can be applied to a variety of occasions to detect the movement of human body.\n\nConventional pyroelectric infrared sensors require body pyroelectric infrared detector, professional chip, complex peripheral circuit, so the size is bigger, with complex circuit, and lower reliability.\n\n\n\nNow we launch this new pyroelectric infrared motion sensor, specially designed for Arduino.\n\nIt uses an integrated digital body pyroelectric infrared sensor, has smaller size, higher reliability, lower power consumption and simple peripheral circuit.']",A passive buzzer requires pulses from the Arduino because it cannot be actuated by itself.,"Because it has no internal oscillator. The Arduino must supply pulses, and changing the pulse frequency changes the sound.",0.6666666666666666,0.9152898238687026,0.9999999999,0.5
What voltage and interface type does the passive buzzer module use?,"['**Specification:**\n\n-   Working voltage: 3.3-5v\n\n-   Interface type: digital', '**Hardware Connection**\n\nTo begin with, you need to prepare the following parts:\n\n-   Control board \\* 1\n\n-   keyestudio Sensor Shield V5\\* 1\n\n-   USB Cable\\* 1\n\n-   Passive buzzer module \\* 1\n\n-   Dupont Line \\*3', '**Introduction:**\n\nWe can use Arduino to make many interactive works of which the most commonly used is acoustic-optic display.\n\nAll the previous experiment has something to do with LED. However, the circuit in this experiment can produce sound. Normally, the experiment is done with a buzzer or a speaker while buzzer is simpler and easier to use.\n\nThe buzzer we introduced here is a passive buzzer. It cannot be actuated by itself, but by external pulse frequencies. Different frequencies produce different sounds. We can use Arduino to code the melody of a song, which is quite fun and simple.', '## Project 5: Passive Buzzer', '**Specifications:**\n\n-   Working Voltage: 3.3-5V\n\n-   Interface Type: digital\n\n-   Pin Pitch: 2.54mm']",The passive buzzer module uses a working voltage of 3.3-5V and a digital interface type.,It operates from 3.3 to 5 V and uses a digital interface.,1.0,0.97410811502152,0.699999999965,1.0
Can the capacitive touch sensor detect a touch through cloth or paper?,"['**Introduction:**\n\nAre you tired of clicking mechanic button? Well, try our capacitive touch sensor. We can find touch sensors mostly on electronic device. So upgrade your Arduino Project with our new version touch sensor and make it cool!!\n\nThis little sensor can ""feel"" people and metal touch and feedback a high/low voltage level. Even isolated by some cloth and paper, it can still feel the touch. Its sensitivity decrease as isolation layer gets thicker.', '**Experiment Result:**\n\nDone wiring and powered up, upload well the code, then touch the sensor with your finger, both D2 led on the sensor and D13 indicator on V4.0 board are on. Otherwise, those two indicators are turned off.', '**Think:**\n\nIf we want to connect more an LED module, light an LED when touch the sensor, and turn off LED when not touch the sensor, then how to program?', '**Hardware Connection**\n\nTo begin with, you need to prepare the following parts:\n\n-   Control board \\* 1\n\n-   keyestudio Sensor Shield V5\\* 1\n\n-   USB Cable\\* 1\n\n-   Capacitive touch sensor module \\* 1\n\n-   Dupont Line \\*3', '## Project 6: Capacitive Touch\n\n****']","Yes, the capacitive touch sensor can detect a touch through cloth and paper, though its sensitivity decreases as the isolation layer gets thicker.","Yes, it can detect through thin cloth or paper, although sensitivity decreases as the layer gets thicker.",1.0,0.954677748607216,0.9999999999,1.0
Which indicators turn on when the capacitive touch sensor is touched?,"['**Experiment Result:**\n\nDone wiring and powered up, upload well the code, then touch the sensor with your finger, both D2 led on the sensor and D13 indicator on V4.0 board are on. Otherwise, those two indicators are turned off.', '**Think:**\n\nIf we want to connect more an LED module, light an LED when touch the sensor, and turn off LED when not touch the sensor, then how to program?', '**Introduction:**\n\nAre you tired of clicking mechanic button? Well, try our capacitive touch sensor. We can find touch sensors mostly on electronic device. So upgrade your Arduino Project with our new version touch sensor and make it cool!!\n\nThis little sensor can ""feel"" people and metal touch and feedback a high/low voltage level. Even isolated by some cloth and paper, it can still feel the touch. Its sensitivity decrease as isolation layer gets thicker.', '**Hardware Connection**\n\nTo begin with, you need to prepare the following parts:\n\n-   Control board \\* 1\n\n-   keyestudio Sensor Shield V5\\* 1\n\n-   USB Cable\\* 1\n\n-   Capacitive touch sensor module \\* 1\n\n-   Dupont Line \\*3', '## Project 6: Capacitive Touch\n\n****']",The D2 LED on the sensor and the D13 indicator on the V4.0 board turn on.,The sensor's D2 LED and the board's D13 indicator turn on.,1.0,0.7321305783447826,0.9999999999,1.0
What signal level does the crash sensor output during a collision and when there is no collision?,"['**Details:**\n\n1\\. If collision happens upfront of where collision module is installed, module outputs low level signal; no collision, outputs high level signal.\n\n2\\. Module reserves M3 mounting hole, convenient for fixation on a car.\n\n3\\. With switch indicator light, if there is collision, light is on; no collision, light is off.', '**Hardware Connection**\n\nTo begin with, you need to prepare the following parts:\n\n-   Control board \\* 1\n\n-   keyestudio Sensor Shield V5\\* 1\n\n-   USB Cable\\* 1\n\n-   Crash module \\* 1\n\n-   Dupont Line \\*3\n\n**Note:** You can make a collision flasher using collision module and built-in LED on interface 13. Connect the collision sensor to Digital pin 3.\n\nWhen the crash sensor senses a collision signal, the LEDs on both Arduino board and crash sensor will light up simultaneously.', '**Example Result:**\n\nUpload the code to the board.\n\nWhen an object crashes the switch of sensor, both the led on the sensor and led 13 on the V4.0 board are turned on.', '**Description:**\n\nCrash sensor, also known as electronic switch, is a digital on-off input module necessary for elementary electronic learning. By programming, it can realize to control over light, sound device, key choice function of LCD display, etc.\n\nYou can install the sensor to 4WD mobile robot platform to realize crash detection function. It is indeed convenient and efficient.', '**Parameters**\n\n-   Working voltage：0.5V(DC)\n\n-   Working current：15mA\n\n-   Detecting range：2-450cm\n\n-   Detecting angle：15 degrees\n\n-   Input trigger pulse：10us TTL Level\n\n-   Output echo signal： output TTL level signal(HIGH)，proportional to range.']","During a collision, the sensor outputs a low-level signal; when there is no collision, it outputs a high-level signal.",It outputs LOW during a collision and HIGH when there is no collision.,1.0,0.8571842175174232,0.9999999999,1.0
How is the crash sensor used in the example collision flasher?,"['**Example Result:**\n\nUpload the code to the board.\n\nWhen an object crashes the switch of sensor, both the led on the sensor and led 13 on the V4.0 board are turned on.', '**Hardware Connection**\n\nTo begin with, you need to prepare the following parts:\n\n-   Control board \\* 1\n\n-   keyestudio Sensor Shield V5\\* 1\n\n-   USB Cable\\* 1\n\n-   Crash module \\* 1\n\n-   Dupont Line \\*3\n\n**Note:** You can make a collision flasher using collision module and built-in LED on interface 13. Connect the collision sensor to Digital pin 3.\n\nWhen the crash sensor senses a collision signal, the LEDs on both Arduino board and crash sensor will light up simultaneously.', '**Description:**\n\nCrash sensor, also known as electronic switch, is a digital on-off input module necessary for elementary electronic learning. By programming, it can realize to control over light, sound device, key choice function of LCD display, etc.\n\nYou can install the sensor to 4WD mobile robot platform to realize crash detection function. It is indeed convenient and efficient.', '**Details:**\n\n1\\. If collision happens upfront of where collision module is installed, module outputs low level signal; no collision, outputs high level signal.\n\n2\\. Module reserves M3 mounting hole, convenient for fixation on a car.\n\n3\\. With switch indicator light, if there is collision, light is on; no collision, light is off.', '**Example Result:**\n\nUpload the code to the board.\n\nWhen the sensor detects a knock signal, both the led on the sensor and led 13 on the V4.0 board are turned on.']","When the crash sensor senses a collision, it turns on both the LED on the sensor and the LED on the board (connected to interface 13).","Connect its signal to D3. On collision, both the sensor LED and the Arduino LED 13 light up.",0.75,0.8364807234772199,0.49999999995,1.0
"What kind of signal does the knock sensor produce, and what is its working voltage?","['**Introduction:**\n\nThis is a knock sensor module. When you knock it, it can send a momentary signal. We can combine it with Arduino to make some interesting experiment, e.g. electronic drum.\n\nNote: the working voltage of this module is 5V.', '**Example Result:**\n\nUpload the code to the board.\n\nWhen the sensor detects a knock signal, both the led on the sensor and led 13 on the V4.0 board are turned on.', '**Think:**\n\nIf not easy to see the test result, you can connect an external LED module. Light an LED when knock the sensor, then how to program? Think about it.', '**Hardware Connection**\n\nTo begin with, you need to prepare the following parts:\n\n-   Control board \\* 1\n\n-   keyestudio Sensor Shield V5\\* 1\n\n-   USB Cable\\* 1\n\n-   Knock sensor module \\* 1\n\n-   Dupont Line \\*3\n\nConnect the S pin to digital 3, negative pin to GND port, positive pin to 5V port.', '**Parameters**\n\n-   Working voltage：0.5V(DC)\n\n-   Working current：15mA\n\n-   Detecting range：2-450cm\n\n-   Detecting angle：15 degrees\n\n-   Input trigger pulse：10us TTL Level\n\n-   Output echo signal： output TTL level signal(HIGH)，proportional to range.']","The knock sensor produces a momentary signal, and its working voltage is 5V.",It sends a momentary signal when knocked and operates at 5 V.,1.0,0.960279342649064,0.9999999999,1.0
